Processes,Execution_Time_Seconds
1,0.0630976
2,0.0389598
3,0.0245689
4,0.0465567
5,0.0208984
6,0.0432728
7,0.0335063
8,0.00867394
