Threads,Execution_Time_Seconds
1,0.0886749
2,0.0423063
3,0.00849246
4,0.00773051
5,0.0254642
6,0.0218789
7,0.00947069
8,0.174702
